{"cameraMode":{"drawMode":0,"name":"Shaded","section":"Shading Mode"},"sceneLighting":false,"audioPlay":false,"sceneViewState":{"showFog":true,"showMaterialUpdate":false,"showSkybox":true,"showFlares":true,"showImageEffects":true,"showParticleSystems":true},"in2DMode":false,"pivot":{"x":-0.11795282363891602,"y":0.5891053080558777,"z":1.2760744094848633},"rotation":{"x":-0.07713863998651505,"y":-0.4341750144958496,"z":0.037348225712776187,"w":-0.8967423439025879},"size":5.545526027679443,"orthographic":false}