{"cameraMode":{"drawMode":0,"name":"Shaded","section":"Shading Mode"},"sceneLighting":false,"audioPlay":false,"sceneViewState":{"showFog":true,"showMaterialUpdate":false,"showSkybox":true,"showFlares":true,"showImageEffects":true,"showParticleSystems":true},"in2DMode":false,"pivot":{"x":1.0178816318511963,"y":-0.08160483837127686,"z":-1.294972538948059},"rotation":{"x":-0.21330922842025758,"y":-0.5449979305267334,"z":0.14574582874774934,"w":-0.7976431846618652},"size":2.711329221725464,"orthographic":false}