{"cameraMode":{"drawMode":0,"name":"Shaded","section":"Shading Mode"},"sceneLighting":false,"audioPlay":false,"sceneViewState":{"showFog":true,"showMaterialUpdate":false,"showSkybox":true,"showFlares":true,"showImageEffects":true,"showParticleSystems":true},"in2DMode":false,"pivot":{"x":-0.22810876369476319,"y":-0.07796996831893921,"z":0.5183353424072266},"rotation":{"x":-0.13641245663166047,"y":-0.24628309905529023,"z":0.035035792738199237,"w":-0.9589102268218994},"size":3.3085131645202638,"orthographic":false}