{"cameraMode":{"drawMode":0,"name":"Shaded","section":"Shading Mode"},"sceneLighting":false,"audioPlay":false,"sceneViewState":{"showFog":true,"showMaterialUpdate":false,"showSkybox":true,"showFlares":true,"showImageEffects":true,"showParticleSystems":true},"in2DMode":false,"pivot":{"x":-0.011500000953674317,"y":0.23762089014053346,"z":-0.008000016212463379},"rotation":{"x":-0.34129786491394045,"y":-0.00789806991815567,"z":0.0028680216055363418,"w":-0.9399176836013794},"size":2.491527557373047,"orthographic":false}