{"cameraMode":{"drawMode":0,"name":"Shaded","section":"Shading Mode"},"sceneLighting":false,"audioPlay":false,"sceneViewState":{"showFog":true,"showMaterialUpdate":false,"showSkybox":true,"showFlares":true,"showImageEffects":true,"showParticleSystems":true},"in2DMode":false,"pivot":{"x":0.7825062274932861,"y":0.39639246463775637,"z":-0.4980160892009735},"rotation":{"x":-0.14334233105182649,"y":-0.7022705674171448,"z":0.14770983159542085,"w":-0.6815062761306763},"size":2.642782688140869,"orthographic":false}