{"cameraMode":{"drawMode":0,"name":"Shaded","section":"Shading Mode"},"sceneLighting":false,"audioPlay":false,"sceneViewState":{"showFog":true,"showMaterialUpdate":false,"showSkybox":true,"showFlares":true,"showImageEffects":true,"showParticleSystems":true},"in2DMode":false,"pivot":{"x":0.19995379447937013,"y":0.08745503425598145,"z":-0.014184579253196717},"rotation":{"x":-0.2058279663324356,"y":-0.7088509202003479,"z":0.23004597425460816,"w":-0.6342271566390991},"size":1.2143158912658692,"orthographic":false}