{"cameraMode":{"drawMode":0,"name":"Shaded","section":"Shading Mode"},"sceneLighting":false,"audioPlay":false,"sceneViewState":{"showFog":true,"showMaterialUpdate":false,"showSkybox":true,"showFlares":true,"showImageEffects":true,"showParticleSystems":true},"in2DMode":false,"pivot":{"x":0.0,"y":0.37803417444229128,"z":-0.05849999189376831},"rotation":{"x":-0.30548712611198428,"y":-0.10201100260019303,"z":0.03293699026107788,"w":-0.9461429715156555},"size":3.853137731552124,"orthographic":false}